{
  "text_len": {
    "mean": 620.6614990234375,
    "std": 742.7347412109375
  },
  "word_count": {
    "mean": 112.93934631347656,
    "std": 132.5587615966797
  },
  "kindle_freq": {
    "mean": 0.07377049326896667,
    "std": 0.4104467034339905
  },
  "sentiment": {
    "mean": 0.1585696041584015,
    "std": 0.20745417475700378
  },
  "user_avg_len": {
    "mean": 620.661475409836,
    "std": 736.6148455786335
  },
  "user_review_count": {
    "mean": 1.0885245901639344,
    "std": 0.3739237706663152
  },
  "item_avg_len": {
    "mean": 620.661475409836,
    "std": 736.8062764938123
  },
  "item_review_count": {
    "mean": 1.060655737704918,
    "std": 0.2679357412736781
  },
  "exclamation_count": {
    "mean": 0.6000000238418579,
    "std": 1.4288713932037354
  },
  "caps_ratio": {
    "mean": 0.027826635167002678,
    "std": 0.041484199464321136
  },
  "question_count": {
    "mean": 0.3270491659641266,
    "std": 0.9857505559921265
  },
  "avg_word_length": {
    "mean": 5.393652426077171,
    "std": 0.43149263994321113
  }
}