{
  "best_model": "logreg",
  "best_params": {
    "use_stemming": false,
    "tfidf_max_features": 2000,
    "text_weight": 0.8339152856093507,
    "numeric_weight": 7.361716094628554,
    "logreg_C": 2.3661540064603184,
    "logreg_solver": "lbfgs",
    "logreg_penalty_liblinear_saga": "l1"
  },
  "best_val_f1_macro": 0.5249743342060744,
  "test_metrics": {
    "accuracy": 0.4752851711026616,
    "f1_macro": 0.45969838422704434,
    "f1_weighted": 0.4660666888949947
  },
  "sizes": {
    "train": 1220,
    "val": 267,
    "test": 263
  },
  "duration_sec": 324.124146938324
}